company,role,location,link,source,date
TravClan,Product Manager,"New Delhi, Delhi, India",https://in.linkedin.com/jobs/view/product-manager-at-travclan-4439408203?position=8&pageNum=0&refId=ZxLCcr1bRh91ALlAC8b1Jw%3D%3D&trackingId=Hn3DV3YgQeECELElJLLxxg%3D%3D,LINKEDIN,2026-07-23
BDO India,Product Manager-AI,"Mumbai, Maharashtra, India",https://in.linkedin.com/jobs/view/product-manager-ai-at-bdo-india-4436193443?position=2&pageNum=7&refId=uPpW1U%2BIIikbX%2FMw43HdFg%3D%3D&trackingId=0Rt7YBaZZHsgOAuknfZ0Fw%3D%3D,LINKEDIN,2026-07-23
Cvent,Product Manager II,"Gurugram, Haryana, India",https://in.linkedin.com/jobs/view/product-manager-ii-at-cvent-4436803182?position=4&pageNum=7&refId=uPpW1U%2BIIikbX%2FMw43HdFg%3D%3D&trackingId=1tE7aEwQ9czREmdxv3hzRQ%3D%3D,LINKEDIN,2026-07-23
YES BANK,Product Manager,Mumbai Metropolitan Region,https://in.linkedin.com/jobs/view/product-manager-at-yes-bank-4436109312?position=9&pageNum=7&refId=uPpW1U%2BIIikbX%2FMw43HdFg%3D%3D&trackingId=x8dLO6fkRXDp10haMwxSjg%3D%3D,LINKEDIN,2026-07-23
OLX India,Product Strategy Manager (CarTrade Mumbai),"Mumbai, Maharashtra, India",https://in.linkedin.com/jobs/view/product-strategy-manager-cartrade-mumbai-at-olx-india-4431575179?position=10&pageNum=7&refId=uPpW1U%2BIIikbX%2FMw43HdFg%3D%3D&trackingId=V%2FKc6jhRWKWMOR45AAZoOQ%3D%3D,LINKEDIN,2026-07-23
Airtel Digital,Associate Product Manager,"Gurugram, Haryana, India",https://in.linkedin.com/jobs/view/associate-product-manager-at-airtel-digital-4430882803?position=1&pageNum=0&refId=iujtrDF05IGjJPwn0wgExg%3D%3D&trackingId=c9o%2Faz%2FAoDC7QiaAhJUuCA%3D%3D,LINKEDIN,2026-07-23
Snapdeal,Associate Product Manager,"Gurugram, Haryana, India",https://in.linkedin.com/jobs/view/associate-product-manager-at-snapdeal-4442536119?position=3&pageNum=0&refId=iujtrDF05IGjJPwn0wgExg%3D%3D&trackingId=gF4cxigt5jrIQcaWricZag%3D%3D,LINKEDIN,2026-07-23
noon,Product Manager,"Gurugram, Haryana, India",https://in.linkedin.com/jobs/view/product-manager-at-noon-4434929862?position=4&pageNum=0&refId=iujtrDF05IGjJPwn0wgExg%3D%3D&trackingId=VPab%2FUWw32%2B8bQh1e2i7Fg%3D%3D,LINKEDIN,2026-07-23
HDFC securities,Product Manager,"Mumbai, Maharashtra, India",https://in.linkedin.com/jobs/view/product-manager-at-hdfc-securities-4433053112?position=6&pageNum=0&refId=iujtrDF05IGjJPwn0wgExg%3D%3D&trackingId=HrKdwuXpEWcwplQwCgd%2F2Q%3D%3D,LINKEDIN,2026-07-23
airtel,Associate Product Manager - Fintech,"Gurugram, Haryana, India",https://in.linkedin.com/jobs/view/associate-product-manager-fintech-at-airtel-4440119021?position=10&pageNum=0&refId=iujtrDF05IGjJPwn0wgExg%3D%3D&trackingId=lHpKzPjyvBSEIEOTw53%2B8A%3D%3D,LINKEDIN,2026-07-23
LUXASIA,Product Manager Intern,"Delhi, India",https://in.linkedin.com/jobs/view/product-manager-intern-at-luxasia-4392329301?position=4&pageNum=2&refId=WZwZpnIEIrI5xi5uYmOPMg%3D%3D&trackingId=V9IGptN95%2FPcl93n%2BX1MIA%3D%3D,LINKEDIN,2026-07-23
Fairfest Media,Associate Product Manager,"Mumbai, Maharashtra, India",https://in.linkedin.com/jobs/view/associate-product-manager-at-fairfest-media-4435446884?position=7&pageNum=2&refId=WZwZpnIEIrI5xi5uYmOPMg%3D%3D&trackingId=MsYH4Ieo6yUoSbD27PSioQ%3D%3D,LINKEDIN,2026-07-23
Cvent,Product Manager,"Gurugram, Haryana, India",https://in.linkedin.com/jobs/view/product-manager-at-cvent-4436070730?position=8&pageNum=2&refId=WZwZpnIEIrI5xi5uYmOPMg%3D%3D&trackingId=98WpVedG%2Ff3QgtwLSFMIFg%3D%3D,LINKEDIN,2026-07-23
OLX India,Product Manager,"Gurugram, Haryana, India",https://in.linkedin.com/jobs/view/product-manager-at-olx-india-4435951476?position=9&pageNum=2&refId=WZwZpnIEIrI5xi5uYmOPMg%3D%3D&trackingId=uUqZOqGm4Knf4wCsr4NKxw%3D%3D,LINKEDIN,2026-07-23
Tata Consultancy Services,Product Manager,"Mumbai, Maharashtra, India",https://in.linkedin.com/jobs/view/product-manager-at-tata-consultancy-services-4439871893?position=10&pageNum=2&refId=WZwZpnIEIrI5xi5uYmOPMg%3D%3D&trackingId=23Q9BCMfepHt6XyXpkAjlg%3D%3D,LINKEDIN,2026-07-23
Euler Motors,Product Manager,"Delhi, India",https://in.linkedin.com/jobs/view/product-manager-at-euler-motors-4440557497?position=2&pageNum=5&refId=7vkmMqEjTQQgeZp5UbhTsw%3D%3D&trackingId=TOBNu4ntyp570uL6k9SLtQ%3D%3D,LINKEDIN,2026-07-23
Crompton Greaves Consumer Electricals Limited,Product Manager,"Mumbai, Maharashtra, India",https://in.linkedin.com/jobs/view/product-manager-at-crompton-greaves-consumer-electricals-limited-4435945393?position=4&pageNum=5&refId=7vkmMqEjTQQgeZp5UbhTsw%3D%3D&trackingId=qfzgF9oxSnvGBZCGpDvPWQ%3D%3D,LINKEDIN,2026-07-23
Vetic,Product Manager,"Gurugram, Haryana, India",https://in.linkedin.com/jobs/view/product-manager-at-vetic-4437975069?position=5&pageNum=5&refId=7vkmMqEjTQQgeZp5UbhTsw%3D%3D&trackingId=qyaMScH%2FHG7rksdPlHQsIw%3D%3D,LINKEDIN,2026-07-23
Visit Health,Associate Product Manager,"Noida, Uttar Pradesh, India",https://in.linkedin.com/jobs/view/associate-product-manager-at-visit-health-4433643755?position=7&pageNum=5&refId=7vkmMqEjTQQgeZp5UbhTsw%3D%3D&trackingId=GorCkFW%2B09pehVkT2M7mUQ%3D%3D,LINKEDIN,2026-07-23
Airtel Digital,Product Manager - Platforms,"Gurugram, Haryana, India",https://in.linkedin.com/jobs/view/product-manager-platforms-at-airtel-digital-4434834303?position=2&pageNum=7&refId=%2BJDxmftEkdYma5queIdDUA%3D%3D&trackingId=2bb2ItWuE6%2BYKhkRgPMGDQ%3D%3D,LINKEDIN,2026-07-23
Esco,Product Manager,"Mumbai, Maharashtra, India",https://in.linkedin.com/jobs/view/product-manager-at-esco-4439165080?position=6&pageNum=7&refId=%2BJDxmftEkdYma5queIdDUA%3D%3D&trackingId=TeJAlCBNUq4lm0WRNYNktA%3D%3D,LINKEDIN,2026-07-23
Infinx,Product Manager,"Mumbai, Maharashtra, India",https://in.linkedin.com/jobs/view/product-manager-at-infinx-4438180135?position=9&pageNum=7&refId=%2BJDxmftEkdYma5queIdDUA%3D%3D&trackingId=NEk%2FJEY3w9v5PXbgErYrHg%3D%3D,LINKEDIN,2026-07-23
Cvent,Senior Product Manager,"Gurugram, Haryana, India",https://in.linkedin.com/jobs/view/senior-product-manager-at-cvent-4439194498?position=9&pageNum=0&refId=J81c1CABKtjMp9tG3e53OA%3D%3D&trackingId=%2F1YNEtqnl2A5ZX6tk2woSQ%3D%3D,LINKEDIN,2026-07-23
Birdeye,Senior Product Manager,"Gurugram, Haryana, India",https://in.linkedin.com/jobs/view/senior-product-manager-at-birdeye-4416853480?position=5&pageNum=2&refId=pnIKx1sZjX86UF4E8c9ycA%3D%3D&trackingId=aVbv9ng6PK73b%2FKW6tM3Mg%3D%3D,LINKEDIN,2026-07-23
CloudEagle.ai,Senior Product Manager,Mumbai Metropolitan Region,https://in.linkedin.com/jobs/view/senior-product-manager-at-cloudeagle-ai-4377658101?position=7&pageNum=2&refId=pnIKx1sZjX86UF4E8c9ycA%3D%3D&trackingId=EVnq7lX0QfRsv7rdK3LC2A%3D%3D,LINKEDIN,2026-07-23
Aftershoot,Senior Product Manager - Growth,"Bawana, Delhi, India",https://in.linkedin.com/jobs/view/senior-product-manager-growth-at-aftershoot-4429993346?position=8&pageNum=2&refId=pnIKx1sZjX86UF4E8c9ycA%3D%3D&trackingId=jmQmw%2BJhGWKtTB8rWPtsGg%3D%3D,LINKEDIN,2026-07-23
Mulberri,Senior Product Manager,Noida,https://www.instahyre.com/job-434904-senior-product-manager-at-mulberri-noida/,INSTAHYRE,2026-07-23
GoComet,Product Manager,Mumbai,https://www.instahyre.com/job-427433-product-manager-at-gocomet-3-mumbai/,INSTAHYRE,2026-07-23
CoverSure,Product Manager (Insurance),"Mumbai,Navi Mumbai",https://www.instahyre.com/job-434861-product-manager-insurance-at-coversure-mumbai-navi-mumbai/,INSTAHYRE,2026-07-23
Apeiro,Senior Product Manager - Revenue Cycle Management,"Bangalore,Noida",https://www.instahyre.com/job-432769-senior-product-manager-revenue-cycle-management-at-apeiro-bangalore-noida/,INSTAHYRE,2026-07-23
Deutsche Telekom Digital Labs,Product Manager,Gurgaon,https://www.instahyre.com/job-427240-product-manager-at-deutsche-telekom-digital-labs-gurgaon/,INSTAHYRE,2026-07-23
Deutsche Telekom Digital Labs,Senior Product Manager,Gurgaon,https://www.instahyre.com/job-430802-senior-product-manager-at-deutsche-telekom-digital-labs-gurgaon/,INSTAHYRE,2026-07-23
Deutsche Telekom Digital Labs,AI Product Manager,Gurgaon,https://www.instahyre.com/job-425524-ai-product-manager-at-deutsche-telekom-digital-labs-gurgaon/,INSTAHYRE,2026-07-23
Urban Harvest,Associate Product Manager,Noida,https://www.instahyre.com/job-424858-associate-product-manager-at-urban-harvest-noida/,INSTAHYRE,2026-07-23
The S-Squad,Associate Product Manager,Mumbai,https://www.instahyre.com/job-434836-associate-product-manager-at-the-s-squad-mumbai/,INSTAHYRE,2026-07-23
Skeps,Associate Product Manager,Gurgaon,https://www.instahyre.com/job-430453-associate-product-manager-at-skeps-gurgaon/,INSTAHYRE,2026-07-23
Revv,Product Manager,Gurgaon,https://www.instahyre.com/job-430983-product-manager-at-revv-gurgaon/,INSTAHYRE,2026-07-23
Deutsche Telekom Digital Labs,Group Product Manager,Gurgaon,https://www.instahyre.com/job-432400-group-product-manager-at-deutsche-telekom-digital-labs-gurgaon/,INSTAHYRE,2026-07-23
Deutsche Telekom Digital Labs,Senior Product Manager - AI,Gurgaon,https://www.instahyre.com/job-428943-senior-product-manager-ai-at-deutsche-telekom-digital-labs-gurgaon/,INSTAHYRE,2026-07-23
Fleetx,Product Manager,Gurgaon,https://www.instahyre.com/job-434590-product-manager-at-fleetx-gurgaon/,INSTAHYRE,2026-07-23
GreyOrange,Senior Product Manager,Gurgaon,https://www.instahyre.com/job-431825-senior-product-manager-at-greyorange-2-gurgaon/,INSTAHYRE,2026-07-23
PagarBook,Lead Product Manager,Gurgaon,https://www.instahyre.com/job-432909-lead-product-manager-at-pagarbook-gurgaon/,INSTAHYRE,2026-07-23
Deutsche Telekom Digital Labs,Sr. AI Product Manager,Gurgaon,https://www.instahyre.com/job-425490-sr-ai-product-manager-at-deutsche-telekom-digital-labs-gurgaon/,INSTAHYRE,2026-07-23
Deutsche Telekom Digital Labs,Senior Product Manager - II,Gurgaon,https://www.instahyre.com/job-432367-senior-product-manager-ii-at-deutsche-telekom-digital-labs-gurgaon/,INSTAHYRE,2026-07-23
Deutsche Telekom Digital Labs,Product Manager - AI,Gurgaon,https://www.instahyre.com/job-425667-product-manager-ai-at-deutsche-telekom-digital-labs-gurgaon/,INSTAHYRE,2026-07-23
Deutsche Telekom Digital Labs,Group Product Manager - B2C,Gurgaon,https://www.instahyre.com/job-430804-group-product-manager-b2c-at-deutsche-telekom-digital-labs-gurgaon/,INSTAHYRE,2026-07-23
Deutsche Telekom Digital Labs,Group Product Manager (Agentic AI),Gurgaon,https://www.instahyre.com/job-426279-group-product-manager-agentic-ai-at-deutsche-telekom-digital-labs-gurgaon/,INSTAHYRE,2026-07-23
Deutsche Telekom Digital Labs,Staff Product Manager II,Gurgaon,https://www.instahyre.com/job-433879-staff-product-manager-ii-at-deutsche-telekom-digital-labs-gurgaon/,INSTAHYRE,2026-07-23
Deutsche Telekom Digital Labs,Principal Product Manager,"Delhi,Gurgaon,Noida",https://www.instahyre.com/job-433878-principal-product-manager-at-deutsche-telekom-digital-labs-delhi-gurgaon-noida/,INSTAHYRE,2026-07-23
Deutsche Telekom Digital Labs,Principle Product Manager,Gurgaon,https://www.instahyre.com/job-432399-principle-product-manager-at-deutsche-telekom-digital-labs-gurgaon/,INSTAHYRE,2026-07-23
Deutsche Telekom Digital Labs,Group Product Manager - Agentic AI,Gurgaon,https://www.instahyre.com/job-426367-group-product-manager-agentic-ai-at-deutsche-telekom-digital-labs-gurgaon/,INSTAHYRE,2026-07-23
Deutsche Telekom Digital Labs,Principal Product Manager,Gurgaon,https://www.instahyre.com/job-428892-principal-product-manager-at-deutsche-telekom-digital-labs-gurgaon/,INSTAHYRE,2026-07-23
Deutsche Telekom Digital Labs,Senior Product Manager 2,Gurgaon,https://www.instahyre.com/job-427534-senior-product-manager-2-at-deutsche-telekom-digital-labs-gurgaon/,INSTAHYRE,2026-07-23
Deutsche Telekom Digital Labs,Lead Product Manager,Gurgaon,https://www.instahyre.com/job-432928-lead-product-manager-at-deutsche-telekom-digital-labs-gurgaon/,INSTAHYRE,2026-07-23
Deutsche Telekom Digital Labs,Senior Product Manager 1,Gurgaon,https://www.instahyre.com/job-427511-senior-product-manager-1-at-deutsche-telekom-digital-labs-gurgaon/,INSTAHYRE,2026-07-23
GreyOrange,Product Manager,Gurgaon,https://www.instahyre.com/job-428973-product-manager-at-greyorange-2-gurgaon/,INSTAHYRE,2026-07-23
GreyOrange,Principal Product Manager,Gurgaon,https://www.instahyre.com/job-424582-principal-product-manager-at-greyorange-2-gurgaon/,INSTAHYRE,2026-07-23
Truva,Associate Brand Manager,Mumbai,https://www.instahyre.com/job-432776-associate-brand-manager-at-truva-mumbai/,INSTAHYRE,2026-07-23
Sova Health,Brand Manager,Gurgaon,https://www.instahyre.com/job-425579-brand-manager-at-sova-health-gurgaon/,INSTAHYRE,2026-07-23
GetSetYo,Brand Manager,Gurgaon,https://www.instahyre.com/job-428529-brand-manager-at-getsetyo-2-gurgaon/,INSTAHYRE,2026-07-23
Sorta Famous,Senior Brand Manager,Mumbai,https://www.instahyre.com/job-433612-senior-brand-manager-at-sorta-famous-mumbai/,INSTAHYRE,2026-07-23
Inamo,Program Manager,"Bangalore,Mumbai",https://www.instahyre.com/job-428668-program-manager-at-inamo-bangalore-mumbai/,INSTAHYRE,2026-07-23
Shipsy,"Senior Consultant - Growth, Value",Gurgaon,https://www.instahyre.com/job-421648-senior-consultant-growth-value-at-shipsy-gurgaon/,INSTAHYRE,2026-07-23
Accenture,MS Dynamics Consultant,"Bangalore,Hyderabad,Mumbai",https://www.instahyre.com/job-434239-ms-dynamics-consultant-at-accenture-2-bangalore-hyderabad-mumbai/,INSTAHYRE,2026-07-23
Creatif Technologies,ERP Functional Consultant,Navi Mumbai,https://www.instahyre.com/job-431395-erp-functional-consultant-at-creatif-technologies-navi-mumbai/,INSTAHYRE,2026-07-23
Sterlite Technologies,SAP MM Consultant,Mumbai,https://www.instahyre.com/job-433822-sap-mm-consultant-at-sterlite-technologies-mumbai/,INSTAHYRE,2026-07-23
Virtuoso Consulting & Technology,SAP CRM IS - U Consultant,"Hyderabad,Noida",https://www.instahyre.com/job-431491-sap-crm-is-u-consultant-at-virtuoso-consulting-technology-hyderabad-noida/,INSTAHYRE,2026-07-23
Accenture,Genesys Consultant,"Bangalore,Gurgaon,Pune",https://www.instahyre.com/job-430589-genesys-consultant-at-accenture-2-bangalore-gurgaon-pune/,INSTAHYRE,2026-07-23
IQlytics Solutions,Supply Chain Analytics Consultant,Mumbai,https://www.instahyre.com/job-426789-supply-chain-analytics-consultant-at-iqlytics-solutions-mumbai/,INSTAHYRE,2026-07-23
IngenX Technology,Sr. SAP ABAP Consultant,"Gurgaon,Noida",https://www.instahyre.com/job-413328-sr-sap-abap-consultant-at-ingenx-technology-gurgaon-noida/,INSTAHYRE,2026-07-23
Speridian Technologies,Planning Consultant,Mumbai,https://www.instahyre.com/job-423470-planning-consultant-at-speridian-technologies-mumbai/,INSTAHYRE,2026-07-23
Accenture,SAP IS - U Consultant,"Bangalore,Gurgaon,Mumbai",https://www.instahyre.com/job-417193-sap-is-u-consultant-at-accenture-2-bangalore-gurgaon-mumbai/,INSTAHYRE,2026-07-23
Accenture,SAP EWM Consultant,"Bangalore,Gurgaon,Mumbai",https://www.instahyre.com/job-417115-sap-ewm-consultant-at-accenture-2-bangalore-gurgaon-mumbai/,INSTAHYRE,2026-07-23
EngiNeo Solutions,Implementation Consultant,Gurgaon,https://www.instahyre.com/job-418779-implementation-consultant-at-engineo-solutions-gurgaon/,INSTAHYRE,2026-07-23
Accenture,Salesforce Marketing Cloud Consultant,"Bangalore,Chennai,Mumbai",https://www.instahyre.com/job-417887-salesforce-marketing-cloud-consultant-at-accenture-2-bangalore-chennai-mumbai/,INSTAHYRE,2026-07-23
Accenture,SAP BRIM Consultant,"Bangalore,Gurgaon,Mumbai",https://www.instahyre.com/job-417845-sap-brim-consultant-at-accenture-2-bangalore-gurgaon-mumbai/,INSTAHYRE,2026-07-23
Dalmia Bharat,SAP SD Consultant,"Delhi,Noida",https://www.instahyre.com/job-434909-sap-sd-consultant-at-dalmia-bharat-delhi-noida/,INSTAHYRE,2026-07-23
Accenture,MS Dynamics CRM Consultant,"Bangalore,Mumbai,Pune",https://www.instahyre.com/job-434176-ms-dynamics-crm-consultant-at-accenture-2-bangalore-mumbai-pune/,INSTAHYRE,2026-07-23
Virtuoso Consulting & Technology,SAP IS - U CRM Consultant,"Bangalore,Hyderabad,Noida",https://www.instahyre.com/job-431621-sap-is-u-crm-consultant-at-virtuoso-consulting-technology-bangalore-hyderabad-noida/,INSTAHYRE,2026-07-23
Adobe,Technical Consultant IAM,"Bangalore,Noida",https://www.instahyre.com/job-433610-technical-consultant-iam-at-adobe-bangalore-noida/,INSTAHYRE,2026-07-23
Cashfree,Senior Technical Program Manager,Gurgaon,https://www.instahyre.com/job-431513-senior-technical-program-manager-at-cashfree-gurgaon/,INSTAHYRE,2026-07-23
Infosys,Active Directory Consultant,"Hyderabad,Mumbai,Navi Mumbai",https://www.instahyre.com/job-425994-active-directory-consultant-at-infosys-4-hyderabad-mumbai-navi-mumbai/,INSTAHYRE,2026-07-23
EMB Global,AI Consultant,Gurgaon,https://www.instahyre.com/job-425188-ai-consultant-at-emb-global-gurgaon/,INSTAHYRE,2026-07-23
DocEngage,Oracle HCM Technical Consultant,Gurgaon,https://www.instahyre.com/job-421056-oracle-hcm-technical-consultant-at-docengage-gurgaon/,INSTAHYRE,2026-07-23
Accenture,CCaaS Consultant,"Bangalore,Mumbai,Noida",https://www.instahyre.com/job-415113-ccaas-consultant-at-accenture-2-bangalore-mumbai-noida/,INSTAHYRE,2026-07-23
Accenture,GIS Consultant,"Bangalore,Gurgaon,Mumbai",https://www.instahyre.com/job-414557-gis-consultant-at-accenture-2-bangalore-gurgaon-mumbai/,INSTAHYRE,2026-07-23
Accenture,Amazon Connect Consultant,"Bangalore,Gurgaon,Mumbai",https://www.instahyre.com/job-413230-amazon-connect-consultant-at-accenture-2-bangalore-gurgaon-mumbai/,INSTAHYRE,2026-07-23
Accenture,LLM Engineer Consultant,"Bangalore,Gurgaon,Mumbai",https://www.instahyre.com/job-412524-llm-engineer-consultant-at-accenture-2-bangalore-gurgaon-mumbai/,INSTAHYRE,2026-07-23
